Canonical_Smiles,Inhibition
CCOC(=O)N[C@@H]1CC[C@@H]2[C@@H](C1)C[C@H]1C(=O)O[C@H](C)[C@H]1[C@H]2/C=C/c1ccc(-c2cccc(F)c2)cn1,76.0
CC1C(=O)N(C)c2ccc(C(=O)N3CCc4ccccc43)cc2N1C1CC1,17.0
Cc1cccc2c1CCN2C(=O)c1ccc2c(c1)N(C1CC1)C(C)C(=O)N2C,22.0
CC1C(=O)N(C)c2ccc(C(=O)N(C)c3ccccc3)cc2N1C1CC1,3.0
Cc1ccc2c(c1)CCN2C(=O)c1ccc2c(c1)N(C1CC1)C(C)C(=O)N2C,17.0
CC1Cc2ccccc2N1C(=O)c1ccc2c(c1)N(C1CC1)C(C)C(=O)N2C,24.0
Cc1ccc2c(c1)CCN2C(=O)c1ccc2c(n1)N(C1CC1)C(C)C(=O)N2C,9.0
CC1C(=O)N(C)c2ccc(C(=O)N3CCc4ccccc43)cc2N1C1CCCC1,43.0
Cc1ccc(NC(=O)c2ccc3c(c2)N(C2CC2)C(C)C(=O)N3C)cc1F,17.0
Cc1ccc2c(c1)CC(C)N2C(=O)c1ccc2c(n1)N(C1CC1)C(C)C(=O)N2C,11.0
Cc1ccc(NC(=O)c2ccc3c(c2)N(C2CCCC2)C(C)C(=O)N3C)cc1,30.0
Cc1ccc2c(c1)CC(C)N2C(=O)c1ccc2c(c1)N(C1CC1)C(C)C(=O)N2C,9.0
Cc1ccc(NC(=O)c2ccc3c(c2)N(C2CCCC2)C(C)C(=O)N3C)c(C)c1,38.0
CCN(C(=O)c1ccc2c(c1)N(C1CC1)C(C)C(=O)N2C)c1ccc(C)cc1,28.0
Cc1ccc(NC(=O)c2ccc3c(c2)N(C2CC2)C(C)C(=O)N3C)cc1,11.0
CC1C(=O)N(C)c2ccc(C(=O)N(C)C3CCCCC3)cc2N1C1CC1,33.0
CCN(C(=O)c1ccc2c(c1)N(C1CC1)C(C)C(=O)N2C)C1CCCCC1,7.0
CC1C(=O)N(C)c2ccc(C(=O)N3CCc4cc(F)ccc43)cc2N1C1CC1,27.0
CC1CCC(N(C)C(=O)c2ccc3c(c2)N(C2CC2)C(C)C(=O)N3C)CC1,64.0
Cc1ccc(N(C)C(=O)c2ccc3c(c2)N(C2CC2)C(C)C(=O)N3C)cc1,5.0
Cc1ccc(NC(=O)c2ccc3c(c2)N(C2CC2)C(C)C(=O)N3C)c(C)c1,6.0
Cc1cc(-c2nc3cccnn3c2-c2ccnc(NC(=O)c3ccc(C)[n+]([O-])c3)c2)ccc1F,55.0
Cc1cc(C(=O)Nc2cc(-c3c(-c4ccc(F)c(C)c4)nc4cccnn34)ccn2)ccn1,42.0
Cc1cc(-c2nc3cccnn3c2-c2ccnc(NC(=O)c3ccncc3)c2)ccc1F,85.0
Cc1ccc(C(=O)Nc2cc(-c3c(-c4ccc(F)c(C)c4)nc4cccnn34)ccn2)cn1,86.0
Cc1cc(-c2nc3cccnn3c2-c2ccnc(NC(=O)c3cc[n+]([O-])c(C)c3)c2)ccc1F,38.0
Cc1cc(-c2nc3cccnn3c2-c2ccnc(NC(=O)c3cccnc3)c2)ccc1F,61.0
CC1(C)Oc2cc(C#Cc3cc(Cl)ccc3F)ccc2-c2nc(-c3c(F)cccc3Cl)[nH]c21,31.0
CC1(C)Oc2cc(-c3cccc(OC(F)(F)F)c3)ccc2-c2nc(-c3c(F)cccc3Cl)[nH]c21,8.4
CC1(C)Oc2cc(-c3cccc(C(F)(F)F)c3)ccc2-c2nc(-c3c(F)cccc3Cl)[nH]c21,37.0
CC1(C)Oc2cc(C#Cc3ccccc3C(F)(F)F)ccc2-c2nc(-c3c(C#N)cccc3C#N)[nH]c21,24.0
COc1cc(OC)c2c(=O)cc(-c3cc(C)c(OC[C@H](O)CN4CCN(C)CC4)c(C)c3)oc2c1,8.2
Cn1nccc1-c1cc(C(F)(F)F)ccc1[C@H]1CCOc2cc(S(=O)(=O)Nc3ccc(F)cn3)ccc21,54.0
O=S(=O)(Nc1nccs1)c1ccc2c(c1)OCC[C@@H]2c1ccc(C(F)(F)F)cc1-c1ccc(F)nc1,19.0
Cn1nccc1-c1cc(C(F)(F)F)ccc1[C@H]1CCOc2cc(S(=O)(=O)Nc3cccc(F)n3)ccc21,21.0
Cn1nccc1-c1cc(C(F)(F)F)ccc1[C@H]1CCOc2cc(S(=O)(=O)Nc3ncccn3)ccc21,15.0
Cn1nccc1-c1cc(C(F)(F)F)ccc1[C@H]1CCOc2cc(S(=O)(=O)Nc3cccnn3)ccc21,8.0
O=S(=O)(Nc1ncc(F)cn1)c1ccc2c(c1)OCC[C@@H]2c1ccc(C(F)(F)F)cc1N1CCOCC1,32.0
O=S(=O)(Nc1ncccn1)c1ccc2c(c1)CC[C@@H]2c1ccc(C(F)(F)F)cc1N1CCOCC1,3.0
O=S(=O)(Nc1ncccn1)c1ccc2c(c1)CC[C@@H]2c1ccc(C(F)(F)F)cc1-c1ccc(F)nc1,11.0
CN1CCN(c2cc(C(F)(F)F)ccc2[C@H]2CCOc3cc(S(=O)(=O)Nc4nccs4)ccc32)CC1,33.0
O=S(=O)(Nc1ncccn1)c1ccc2c(c1)OCC[C@@H]2c1ccc(C(F)(F)F)cc1-c1ccc(F)nc1,14.0
O=S(=O)(Nc1ncccn1)c1ccc2c(c1)OCC[C@@H]2c1ccc(C(F)(F)F)cc1N1CCOCC1,19.0
Cn1nccc1-c1cc(C(F)(F)F)ccc1[C@H]1CCc2cc(S(=O)(=O)Nc3ncccn3)ccc21,11.0
Cc1ccc(-c2cc(C(F)(F)F)ccc2[C@H]2CCOc3cc(S(=O)(=O)Nc4ncc(F)cn4)ccc32)cn1,7.0
O=S(=O)(Nc1nccs1)c1ccc2c(c1)OCC[C@@H]2c1ccc(C(F)(F)F)cc1-c1ccc(F)cc1,35.0
Cc1nc(-c2cc(C(F)(F)F)ccc2[C@H]2CCOc3cc(S(=O)(=O)Nc4ncccn4)ccc32)co1,12.0
O=C1COCCN1c1cc(C(F)(F)F)ccc1[C@H]1CCOc2cc(S(=O)(=O)Nc3nccs3)ccc21,0.0
Cn1nccc1-c1cc(C(F)(F)F)ccc1[C@@H]1CCOc2cc(S(=O)(=O)Nc3nccs3)ccc21,26.0
Cc1nc(-c2cc(C(F)(F)F)ccc2[C@H]2CCOc3cc(S(=O)(=O)Nc4nccs4)ccc32)co1,38.0
Cc1nc(-c2cc(C(F)(F)F)ccc2[C@@H]2CCOc3cc(S(=O)(=O)Nc4nccs4)ccc32)co1,42.0
Cc1ccc(-c2cc(C(F)(F)F)ccc2[C@H]2CCOc3cc(S(=O)(=O)Nc4cccc(F)n4)ccc32)cn1,13.0
O=S(=O)(Nc1nccs1)c1ccc2c(c1)OCC[C@@H]2c1ccc(C(F)(F)F)cc1-c1nccs1,64.0
O=S(=O)(Nc1ccncn1)c1ccc2c(c1)OCC[C@@H]2c1ccc(C(F)(F)F)cc1-c1ccc(F)cn1,11.0
O=S(=O)(Nc1ncc(F)cn1)c1ccc2c(c1)OCC[C@@H]2c1ccc(C(F)(F)F)cc1-c1ccc(F)cn1,28.0
Cn1nccc1-c1cc(C(F)(F)F)ccc1[C@H]1CCOc2cc(S(=O)(=O)Nc3cc(F)ccn3)ccc21,23.0
Cc1ccc(-c2cc(C(F)(F)F)ccc2[C@H]2CCOc3cc(S(=O)(=O)Nc4ccncn4)ccc32)cn1,87.0
O=S(=O)(Nc1ccncn1)c1ccc2c(c1)OCC[C@@H]2c1ccc(C(F)(F)F)cc1-c1ccc(F)nc1,67.0
Cc1nc(-c2cc(C(F)(F)F)ccc2[C@H]2CCOc3cc(S(=O)(=O)Nc4cccc(F)n4)ccc32)co1,44.0
O=S(=O)(Nc1nccs1)c1ccc2c(c1)OCC[C@H]2c1ccc(C(F)(F)F)cc1-c1ccc(F)nc1,37.0
Cn1nccc1-c1cc(C(F)(F)F)ccc1[C@H]1CCOc2cc(S(=O)(=O)Nc3ncc(F)cn3)ccc21,0.0
O=S1(=O)CCN(c2cc(C(F)(F)F)ccc2[C@H]2CCOc3cc(S(=O)(=O)Nc4nccs4)ccc32)CC1,1.0
O=S(=O)(Nc1cccc(F)n1)c1ccc2c(c1)OCC[C@@H]2c1ccc(C(F)(F)F)cc1N1CCOCC1,27.0
O=S(=O)(Nc1nccs1)c1ccc2c(c1)OCC[C@@H]2c1ccc(C(F)(F)F)cc1-n1ccnn1,19.0
O=S(=O)(Nc1nccs1)c1ccc2c(c1)OCC[C@@H]2c1ccc(C(F)(F)F)cc1-c1ccc(F)cn1,33.0
O=C1OCCN1c1cc(C(F)(F)F)ccc1[C@H]1CCOc2cc(S(=O)(=O)Nc3nccs3)ccc21,12.0
O=S(=O)(Nc1ncc(F)cn1)c1ccc2c(c1)OCC[C@@H]2c1ccc(C(F)(F)F)cc1-c1ccc(F)nc1,48.0
O=S(=O)(Nc1ncccn1)c1ccc2c(c1)OCC[C@@H]2c1ccc(C(F)(F)F)cc1-c1ccc(F)cn1,29.0
Cc1nc(-c2cc(C(F)(F)F)ccc2[C@H]2CCOc3cc(S(=O)(=O)Nc4ncc(F)cn4)ccc32)co1,3.0
Cc1ccc(-c2cc(C(F)(F)F)ccc2[C@H]2CCc3cc(S(=O)(=O)Nc4ncccn4)ccc32)cn1,11.0
Cn1nccc1-c1cc(C(F)(F)F)ccc1[C@H]1CCOc2cc(S(=O)(=O)Nc3cnccn3)ccc21,68.0
Cc1nc(-c2cc(C(F)(F)F)ccc2[C@H]2CCOc3cc(S(=O)(=O)Nc4ccncn4)ccc32)co1,86.0
O=S(=O)(Nc1nccs1)c1ccc2c(c1)OCC[C@H]2c1ccc(C(F)(F)F)cc1-c1ccc(F)cc1,17.0
O=S(=O)(Nc1ccncn1)c1ccc2c(c1)OCC[C@@H]2c1ccc(C(F)(F)F)cc1N1CCOCC1,64.0
Cn1nccc1-c1cc(C(F)(F)F)ccc1[C@H]1CCOc2cc(S(=O)(=O)Nc3ccncn3)ccc21,37.0
Cc1ccc(-c2cc(C(F)(F)F)ccc2[C@H]2CCOc3cc(S(=O)(=O)Nc4ncccn4)ccc32)cn1,8.0
O=S(=O)(Nc1nccs1)c1ccc2c(c1)OCC[C@@H]2c1ccc(C(F)(F)F)cc1N1CCNCC1,2.0
Cn1nccc1-c1cc(C(F)(F)F)ccc1[C@H]1CCOc2cc(S(=O)(=O)Nc3nccs3)ccc21,28.0
CCN1CCc2cc(-c3nc(Nc4ccc(N5CCNCC5)cn4)ncc3F)ccc2C1=O,12.36
Cc1ncsc1CCOc1cnc(-c2ccn[nH]2)nc1,15.0
Fc1ccc(COc2ccc(-c3ccn[nH]3)nc2)cc1,81.0
N#Cc1cccc(COc2ccc(-c3ccn[nH]3)nc2)c1,52.0
CS(=O)(=O)c1ccc(COc2ccc(-c3ccn[nH]3)nc2)cc1,11.0
Cc1ncsc1CCOc1ccc(-c2ccn[nH]2)nc1,25.0
N#Cc1ccc(COc2ccc(-c3ccn[nH]3)nc2)cc1,38.0
Cc1ncsc1CCOc1ccc(-c2ccn[nH]2)cc1,32.0
CS(=O)(=O)c1cccc(COc2ccc(-c3ccn[nH]3)nc2)c1,13.0
COc1ccc(-c2cc(-c3ccn(Cc4ccc(C(=O)NO)cc4)n3)ccn2)cc1,89.66
COc1ccc(-c2cc(C(=O)NCc3ccc(C(=O)NO)cc3)ccn2)cc1,80.6
CC(=O)N1CCN(c2ccc(OCC3COC(Cn4ccnc4)(c4ccc(Cl)cc4Cl)O3)cc2)CC1,97.5
CCC(=O)N(CC(CC)N1CCC(c2ccccc2)CC1)c1ccccn1,5.57
CC(=O)N1CCN(c2ccc(OCC3COC(Cn4ccnc4)(c4ccc(Cl)cc4Cl)O3)cc2)CC1,98.0
C[C@]12CC[C@H](O)CC1=CC[C@@H]1[C@@H]2CC[C@]2(C)C(c3cccnc3)=CC[C@@H]12,25.0
CCC(c1ccc(-c2ccsc2Cl)cc1)n1ccnc1,97.0
CCC(c1ccc(-c2cscc2C)cc1F)n1ccnc1,97.0
CCC(c1ccc(-c2ccsc2)cc1)n1ccnc1,92.0
CC(c1ccc(-c2ccsc2)cc1)n1ccnc1,94.0
CCCN(CCCNc1ccnc2cc(Cl)ccc12)Cc1cccc(OC)c1O,57.0
CCCN(CCCNc1ccnc2cc(Cl)ccc12)Cc1cc(OC)ccc1O,88.0
CCCN(CCCNc1ccnc2cc(Cl)ccc12)Cc1cc(OC(F)(F)F)ccc1O,39.0
CCCN(CCCNc1ccnc2cc(Cl)ccc12)Cc1cc(F)ccc1OC,62.0
CCCN(CCCNc1ccnc2cc(Cl)ccc12)Cc1c(F)cccc1OC,87.0
CCCN(CCCNc1ccnc2cc(Cl)ccc12)Cc1ccc(C)o1,46.0
CCCN(CCCNc1ccnc2cc(Cl)ccc12)Cc1ccc(Cl)o1,75.0
CCCN(CCCNc1ccnc2cc(Cl)ccc12)CC1CC2C=CC1C2,26.0
CCCN(CCCNc1ccnc2cc(Cl)ccc12)Cc1ccsc1,82.0
CCCN(CCCNc1ccnc2cc(Cl)ccc12)Cc1ccoc1,89.0
CCCN(CCCNc1ccnc2cc(Cl)ccc12)Cc1cccc2c1OCO2,84.0
CCCN(CCCNc1ccnc2cc(Cl)ccc12)Cc1ccccn1,89.0
CCCN(CCCNc1ccnc2cc(Cl)ccc12)Cc1ccccc1OC(F)(F)F,53.0
Clc1ccc2c(NCCCNCc3cccc4c3OCO4)ccnc2c1,70.0
COc1ccc(O)c(CNCCCNc2ccnc3cc(Cl)ccc23)c1,90.0
COc1cccc(CNCCCNc2ccnc3cc(Cl)ccc23)c1O,97.0
Cc1cc(C)cc(NC(=O)c2cccnc2SCc2ccncc2)c1,96.0
Cc1cc(C)cc(NC(=O)c2cccnc2SCc2cc[n+]([O-])cc2)c1,16.0
CC(=O)Nc1cc(CSc2ncccc2C(=O)Nc2cc(C)cc(C)c2)ccn1,20.0
CN(C)CC(=O)Nc1cc(CSc2ncccc2C(=O)Nc2ccc(OC(F)(F)F)cc2)ccn1,19.0
CN(C)CCNCC(=O)Nc1cc(CSc2ncccc2C(=O)Nc2ccc(OC(F)(F)F)cc2)ccn1,29.0
Cc1cc(C)cc(NC(=O)c2cccnc2SCc2ccnc(Cl)c2)c1,60.0
CNC(=O)Nc1cc(CSc2ncccc2C(=O)Nc2cc(C)cc(C)c2)ccn1,24.0
O=C(CO)Nc1cc(CSc2ncccc2C(=O)Nc2ccc(OC(F)(F)F)cc2)ccn1,17.0
O=C(CNCCCO)Nc1cc(CSc2ncccc2C(=O)Nc2ccc(OC(F)(F)F)cc2)ccn1,33.0
Cc1cc(C)cc(NC(=O)c2cccnc2SCc2ccnc(C#N)c2)c1,48.0
CSc1cc(CSc2ncccc2C(=O)Nc2cc(C)cc(C)c2)ccn1,69.0
Cc1cc(C)cc(NC(=O)c2cccnc2SCc2ccnc(N)c2)c1,21.0
Cc1cc(C)cc(NC(=O)c2cccnc2SCc2ccnc(NC(=O)CNCCCO)c2)c1,23.0
Cc1cc(C)cc(NC(=O)c2cccnc2SCc2ccnc(NC(=O)CN)c2)c1,10.0
CC(=O)Nc1cc(CSc2ncccc2C(=O)Nc2ccc(OC(F)(F)F)cc2)ccn1,38.0
Cc1cc(C)cc(NC(=O)c2cccnc2SCc2ccnc(F)c2)c1,40.0
Cc1cc(C)cc(NC(=O)c2cccnc2SCc2ccnc(NC(=O)CNCCN(C)C)c2)c1,14.0
COCCCc1cc(CN(C(=O)[C@H]2CNCC[C@@H]2c2ccc(OCCOc3c(Cl)cc(C)cc3Cl)cc2)C2CC2)cc(OCCOC)c1,9.0
COCCCc1cc(CN(C(=O)[C@H]2CNCC[C@@H]2c2ccccc2)C2CC2)cc(OCCOC)c1,33.0
COCCCc1cc(CN(C(=O)[C@H]2CNCC[C@@H]2c2ccn(C)c(=O)c2)C2CC2)c2ncccc2c1,85.0
COCCCc1cc(CN(C(=O)[C@H]2CNCC[C@@H]2c2cc(=O)n(C)c3cc(Cl)ccc23)C2CC2)cc(OCCOC)c1,9.0
COCCCc1ccc(Cl)c(CN(C(=O)[C@H]2CNCC[C@@H]2c2ccn(C)c(=O)c2)C2CC2)c1,75.0
Cn1ccc([C@H]2CCNC[C@@H]2C(=O)N(Cc2cc(CCC#N)cc(Cl)c2Cl)C2CC2)cc1=O,52.0
COC(=O)NCCc1cc(Cl)c(Cl)c(CN(C(=O)[C@H]2CNCC[C@@H]2c2ccn(C)c(=O)c2)C2CC2)c1,45.0
COCCCc1cc(C)c(C)c(CN(C(=O)[C@H]2CNCC[C@@H]2c2ccn(C)c(=O)c2)C2CC2)c1,74.0
COCCCn1cc(CN(C(=O)[C@H]2CNCC[C@@H]2c2ccn(C)c(=O)c2)C2CC2)c2c(F)cccc21,41.0
Cn1ccc([C@H]2CCNC[C@@H]2C(=O)N(Cc2cn(Cc3cccnc3)c3cccc(F)c23)C2CC2)cc1=O,61.0
CC(=O)NCCc1cc(Cl)c(Cl)c(CN(C(=O)[C@H]2CNCC[C@@H]2c2ccn(C)c(=O)c2)C2CC2)c1,97.0
COCCCc1cc(Br)cc(CN(C(=O)[C@H]2CNCC[C@@H]2c2ccn(C)c(=O)c2)C2CC2)c1,15.0
COCCCc1cc(CN(C(=O)[C@H]2CNCC[C@@H]2c2ccn(C)c(=O)c2)C2CC2)cc(Br)c1C,22.0
COCCCc1cc(CN(C(=O)[C@H]2CNCC[C@@H]2c2ccn(C)c(=O)c2)C2CC2)c2ccccc2n1,95.0
COCCCn1cc(CN(C(=O)[C@H]2CNCC[C@@H]2c2ccn(C)c(=O)c2)C2CC2)c2ccccc21,59.0
COCCCn1cc(CN(C(=O)[C@H]2CNCC[C@@H]2c2ccn(C)c(=O)c2)C2CC2)c2c(Cl)cccc21,48.0
Cn1ccc([C@H]2CCNC[C@@H]2C(=O)N(Cc2c[nH]c3cccc(F)c23)C2CC2)cc1=O,74.0
CCn1ccc([C@H]2CCNC[C@@H]2C(=O)N(Cc2cc(CCCOC)cc(OCCOC)c2)C2CC2)cc1=O,70.0
COCCCc1cc(Cl)c(Cl)c(CN(C(=O)[C@H]2CNCC[C@@H]2c2ccn(C)c(=O)c2)C2CC2)c1,53.0
Cn1ccc([C@H]2CCNC[C@@H]2C(=O)N(Cc2cn(Cc3cccc(F)c3)c3cccc(F)c23)C2CC2)cc1=O,18.0
Cn1ccc([C@H]2CCNC[C@@H]2C(=O)N(Cc2cc(CCCC#N)cc(Cl)c2Cl)C2CC2)cc1=O,55.0
COCCCc1cc(CN(C(=O)[C@H]2CNCC[C@@H]2c2ccn(C)c(=O)c2)C2CC2)c2ccccc2c1,54.0
COCCCc1cc(CN(C(=O)[C@H]2CNCC[C@@H]2c2cccnc2)C2CC2)cc(OCCOC)c1,75.0
COCCCn1cc(CN(C(=O)[C@H]2CNCC[C@@H]2c2ccn(C)c(=O)c2)C2CC2)c2c(Br)cccc21,63.0
COCCCc1cc(CN(C(=O)[C@H]2CNCC[C@@H]2c2ccn(C)c(=O)c2)C2CC2)cc(OCCOC)c1,78.0
COCCCc1cc(CN(C(=O)[C@H]2CNCC[C@@H]2c2cc(=O)n(C)c3ccccc23)C2CC2)cc(OCCOC)c1,100.0
Cn1ccc([C@H]2CCNC[C@@H]2C(=O)N(Cc2cn(Cc3ccncc3)c3cccc(F)c23)C2CC2)cc1=O,44.0
COCCCc1cc(CN(C(=O)[C@H]2CNCC[C@@H]2c2cc(=O)n(C)c(C)c2C)C2CC2)cc(OCCOC)c1,41.0
Cn1ccc([C@H]2CCNC[C@@H]2C(=O)N(Cc2cccc(Cl)c2Cl)C2CC2)cc1=O,61.0
COCCCc1cc(Cl)cc(CN(C(=O)[C@H]2CNCC[C@@H]2c2ccn(C)c(=O)c2)C2CC2)c1,23.0
COCCc1cc(Cl)c(Cl)c(CN(C(=O)[C@H]2CNCC[C@@H]2c2ccn(C)c(=O)c2)C2CC2)c1,68.0
COCCNc1cc(Cl)c(Cl)c(CN(C(=O)[C@H]2CNCC[C@@H]2c2ccn(C)c(=O)c2)C2CC2)c1,71.0
COCCCc1cc(CN(C(=O)[C@H]2CNCC[C@@H]2c2ccn(C)c(=O)c2)C2CC2)cc(-c2ccccc2)c1,23.0
Cn1ccc([C@H]2CCNC[C@@H]2C(=O)N(Cc2cn(Cc3ccccc3)c3cccc(F)c23)C2CC2)cc1=O,19.0
Cn1ccc([C@H]2CCNC[C@@H]2C(=O)N(Cc2cn(Cc3ccc(F)cc3)c3cccc(F)c23)C2CC2)cc1=O,16.0
COCCCc1cc(CN(C(=O)[C@H]2CNCC[C@@H]2c2ccc(OCCOc3c(Cl)cc(C)cc3Cl)cc2)C2CC2)cc(OCCOC)c1,27.0
COCCCc1cc(CN(C(=O)[C@H]2CNCC[C@@H]2c2ccccc2)C2CC2)cc(OCCOC)c1,0.0
COCCCc1cc(CN(C(=O)[C@H]2CNCC[C@@H]2c2ccn(C)c(=O)c2)C2CC2)c2ncccc2c1,16.0
COCCCc1cc(CN(C(=O)[C@H]2CNCC[C@@H]2c2cc(=O)n(C)c3cc(Cl)ccc23)C2CC2)cc(OCCOC)c1,4.0
COCCCc1ccc(Cl)c(CN(C(=O)[C@H]2CNCC[C@@H]2c2ccn(C)c(=O)c2)C2CC2)c1,29.0
Cn1ccc([C@H]2CCNC[C@@H]2C(=O)N(Cc2cc(CCC#N)cc(Cl)c2Cl)C2CC2)cc1=O,15.0
COC(=O)NCCc1cc(Cl)c(Cl)c(CN(C(=O)[C@H]2CNCC[C@@H]2c2ccn(C)c(=O)c2)C2CC2)c1,56.0
COCCCc1cc(C)c(C)c(CN(C(=O)[C@H]2CNCC[C@@H]2c2ccn(C)c(=O)c2)C2CC2)c1,15.0
COCCCn1cc(CN(C(=O)[C@H]2CNCC[C@@H]2c2ccn(C)c(=O)c2)C2CC2)c2c(F)cccc21,0.0
Cn1ccc([C@H]2CCNC[C@@H]2C(=O)N(Cc2cn(Cc3cccnc3)c3cccc(F)c23)C2CC2)cc1=O,44.0
CC(=O)NCCc1cc(Cl)c(Cl)c(CN(C(=O)[C@H]2CNCC[C@@H]2c2ccn(C)c(=O)c2)C2CC2)c1,0.0
COCCCc1cc(Br)cc(CN(C(=O)[C@H]2CNCC[C@@H]2c2ccn(C)c(=O)c2)C2CC2)c1,45.0
COCCCc1cc(CN(C(=O)[C@H]2CNCC[C@@H]2c2ccn(C)c(=O)c2)C2CC2)cc(Br)c1C,0.0
COCCCc1cc(CN(C(=O)[C@H]2CNCC[C@@H]2c2ccn(C)c(=O)c2)C2CC2)c2ccccc2n1,13.0
COCCCn1cc(CN(C(=O)[C@H]2CNCC[C@@H]2c2ccn(C)c(=O)c2)C2CC2)c2ccccc21,45.0
COCCCn1cc(CN(C(=O)[C@H]2CNCC[C@@H]2c2ccn(C)c(=O)c2)C2CC2)c2c(Cl)cccc21,19.0
Cn1ccc([C@H]2CCNC[C@@H]2C(=O)N(Cc2c[nH]c3cccc(F)c23)C2CC2)cc1=O,0.0
CCn1ccc([C@H]2CCNC[C@@H]2C(=O)N(Cc2cc(CCCOC)cc(OCCOC)c2)C2CC2)cc1=O,5.0
COCCCc1cc(Cl)c(Cl)c(CN(C(=O)[C@H]2CNCC[C@@H]2c2ccn(C)c(=O)c2)C2CC2)c1,16.0
Cn1ccc([C@H]2CCNC[C@@H]2C(=O)N(Cc2cn(Cc3cccc(F)c3)c3cccc(F)c23)C2CC2)cc1=O,39.0
Cn1ccc([C@H]2CCNC[C@@H]2C(=O)N(Cc2cc(CCCC#N)cc(Cl)c2Cl)C2CC2)cc1=O,20.0
COCCCc1cc(CN(C(=O)[C@H]2CNCC[C@@H]2c2ccn(C)c(=O)c2)C2CC2)c2ccccc2c1,34.0
COCCCc1cc(CN(C(=O)[C@H]2CNCC[C@@H]2c2cccnc2)C2CC2)cc(OCCOC)c1,9.0
COCCCn1cc(CN(C(=O)[C@H]2CNCC[C@@H]2c2ccn(C)c(=O)c2)C2CC2)c2c(Br)cccc21,48.0
COCCCc1cc(CN(C(=O)[C@H]2CNCC[C@@H]2c2ccn(C)c(=O)c2)C2CC2)cc(OCCOC)c1,0.0
COCCCc1cc(CN(C(=O)[C@H]2CNCC[C@@H]2c2cc(=O)n(C)c3ccccc23)C2CC2)cc(OCCOC)c1,5.0
Cn1ccc([C@H]2CCNC[C@@H]2C(=O)N(Cc2cn(Cc3ccncc3)c3cccc(F)c23)C2CC2)cc1=O,29.0
COCCCc1cc(CN(C(=O)[C@H]2CNCC[C@@H]2c2cc(=O)n(C)c(C)c2C)C2CC2)cc(OCCOC)c1,0.0
Cn1ccc([C@H]2CCNC[C@@H]2C(=O)N(Cc2cccc(Cl)c2Cl)C2CC2)cc1=O,37.0
COCCCc1cc(Cl)cc(CN(C(=O)[C@H]2CNCC[C@@H]2c2ccn(C)c(=O)c2)C2CC2)c1,1.0
COCCc1cc(Cl)c(Cl)c(CN(C(=O)[C@H]2CNCC[C@@H]2c2ccn(C)c(=O)c2)C2CC2)c1,23.0
COCCNc1cc(Cl)c(Cl)c(CN(C(=O)[C@H]2CNCC[C@@H]2c2ccn(C)c(=O)c2)C2CC2)c1,0.0
COCCCc1cc(CN(C(=O)[C@H]2CNCC[C@@H]2c2ccn(C)c(=O)c2)C2CC2)cc(-c2ccccc2)c1,0.0
Cn1ccc([C@H]2CCNC[C@@H]2C(=O)N(Cc2cn(Cc3ccccc3)c3cccc(F)c23)C2CC2)cc1=O,43.0
Cn1ccc([C@H]2CCNC[C@@H]2C(=O)N(Cc2cn(Cc3ccc(F)cc3)c3cccc(F)c23)C2CC2)cc1=O,70.0
CONC(=O)Nc1ccc(-c2sc3c(c2CN(C)Cc2ccccc2)c(=O)n(-c2ccccc2)c(=O)n3Cc2c(F)cccc2F)cc1,36.0
CONC(=O)Nc1ccc(-c2sc3c(c2CN(C)CCN(C)S(C)(=O)=O)c(=O)n(-c2ccccc2)c(=O)n3Cc2c(F)cccc2F)cc1,17.0
COCCN(C)Cc1c(-c2ccc(NC(=O)NOC)cc2)sc2c1c(=O)n(-c1ccc(OC)cc1)c(=O)n2Cc1c(F)cccc1F,17.0
CCOCCn1c(=O)c2c(CN(C)CCOC)c(-c3ccc(NC(=O)NOC)cc3)sc2n(Cc2c(F)cccc2F)c1=O,30.0
COCCN(C)Cc1c(-c2ccc(NC(=O)NOC)cc2)sc2c1c(=O)n(CCO)c(=O)n2Cc1c(F)cccc1F,23.0
COCCN(C)Cc1c(-c2ccc(NC(=O)NOC)cc2)sc2c1c(=O)n(-c1ccc(F)cn1)c(=O)n2Cc1c(F)cccc1F,9.0
CONC(=O)Nc1ccc(-c2sc3c(c2CN(C)CCc2ccccn2)c(=O)n(-c2ccccc2)c(=O)n3Cc2c(F)cccc2F)cc1,64.0
CONC(=O)Nc1ccc(-c2sc3c(c2CN(C)CCN2CCCC2=O)c(=O)n(-c2ccccc2)c(=O)n3Cc2c(F)cccc2F)cc1,45.0
CONC(=O)Nc1ccc(-c2sc3c(c2CN(C)CCn2ccnn2)c(=O)n(-c2ccccc2)c(=O)n3Cc2c(F)cccc2F)cc1,54.0
COCCN(C)Cc1c(-c2ccc(NC(=O)NOC)cc2)sc2c1c(=O)n(-c1ccccc1)c(=O)n2Cc1c(F)cccc1F,14.0
COCCN(C)Cc1c(-c2ccc(NC(=O)NOC)cc2)sc2c1c(=O)n(CCOC)c(=O)n2Cc1c(F)cccc1F,8.0
COCCN(C)Cc1c(-c2ccc(NC(=O)NOC)cc2)sc2c1c(=O)n(-c1ccc(C)cn1)c(=O)n2Cc1c(F)cccc1F,4.0
COCCN(C)Cc1c(-c2ccc(NC(=O)NOC)cc2)sc2c1c(=O)n(-c1ccc(OC)nn1)c(=O)n2Cc1c(F)cccc1F,9.0
COCCN(C)Cc1c(-c2ccc(NC(=O)NOC)cc2)sc2c1c(=O)n(CC(C)(C)O)c(=O)n2Cc1c(F)cccc1F,11.0
COCCN(C)Cc1c(-c2ccc(NC(=O)NOC)cc2)sc2c1c(=O)n(-c1ccc(OC)nc1)c(=O)n2Cc1c(F)cccc1F,7.0
CONC(=O)Nc1ccc(-c2sc3c(c2CN(C)C)c(=O)n(-c2ccc(OC)nn2)c(=O)n3Cc2c(F)cccc2F)cc1,0.0
CONC(=O)Nc1ccc(-c2sc3c(c2CN(C)Cc2cccc(CO)n2)c(=O)n(-c2ccccc2)c(=O)n3Cc2c(F)cccc2F)cc1,45.0
COCCN(C)Cc1c(-c2ccc(NC(=O)NOC)cc2)sc2c1c(=O)n(-c1ccccn1)c(=O)n2Cc1c(F)cccc1F,10.0
CONC(=O)Nc1ccc(-c2sc3c(c2CN(C)Cc2ccccn2)c(=O)n(-c2ccccc2)c(=O)n3Cc2c(F)cccc2F)cc1,33.0
CONC(=O)Nc1ccc(-c2sc3c(c2CN(C)Cc2cccnc2)c(=O)n(-c2ccccc2)c(=O)n3Cc2c(F)cccc2F)cc1,66.0
CONC(=O)Nc1ccc(-c2sc3c(c2CN(C)C)c(=O)n(-c2ccc(OC)nc2)c(=O)n3Cc2c(F)cccc2F)cc1,17.0
COC[C@H](C)COCc1ccc([C@@]2(O)CCNC[C@@H]2c2ccc(-c3ccccc3CCNC(C)=O)cc2C)cc1,72.0
CC(=O)NCCc1ccccc1-c1ccc([C@H]2CNCC[C@@H]2c2ccc(F)c(F)c2)c(Cl)c1,49.0
COCC(F)(F)COCc1ccc([C@@]2(O)CCNC[C@@H]2c2ccc(-c3ccccc3CCNC(C)=O)cc2C)cc1,37.0
CC(=O)NCCc1ccccc1-c1ccc([C@H]2CNCC[C@@H]2c2ccn(C)c(=O)c2)c(Cl)c1,0.0
COC(=O)NCCc1ccccc1-c1ccc([C@H]2CNCC[C@@H]2c2ccn(C)c(=O)c2)c(Cl)c1,46.0
CC(=O)NCCc1ccccc1-c1ccc([C@H]2CNCC[C@@]23OC(=O)c2cc(F)c(F)cc23)c(C)c1,88.0
CCOC(=O)NCCc1ccccc1-c1ccc([C@H]2CNCC[C@@H]2c2ccn(C)c(=O)c2)c(Cl)c1,58.0
CCC(=O)NCCc1ccccc1-c1ccc([C@H]2CNCC[C@@H]2c2ccn(C)c(=O)c2)c(Cl)c1,21.0
CC(=O)NCCc1ccccc1-c1ccc([C@H]2CNCC[C@@H]2c2cccnc2)c(Cl)c1,55.0
CC(=O)NCCc1ccccc1-c1ccc([C@@H](CN)Cc2ccc(OCCOc3c(Cl)cc(C)cc3Cl)cc2)c(C)c1.Cl,74.0
CC(=O)NCCc1ccccc1-c1ccc([C@H]2CNCC[C@@]23OCc2cc(F)c(F)cc23)c(C)c1,68.0
CC(=O)NCCc1ccccc1-c1ccc([C@H]2CNCC[C@]2(O)c2ccc(F)c(F)c2)c(C)c1,40.0
CC(=O)NCCc1ccccc1-c1ccc([C@H]2CNCC[C@@H]2c2ccc(F)c(F)c2)c(Cl)c1,49.0
CC(=O)NCCc1ccccc1-c1noc([C@H]2CNCC[C@]2(O)c2ccc(F)c(F)c2)c1Br,74.0
CC(=O)NCCc1ccccc1-c1cc([C@H]2CNCC[C@]2(O)c2ccc(F)c(F)c2)no1,21.0
O[C@]1(c2ccc(F)c(F)c2)CCNC[C@@H]1c1onc(-c2c(Cl)cccc2Cl)c1Br,82.0
O[C@]1(c2ccc(F)c(F)c2)CCNC[C@@H]1c1cc(-c2c(Cl)cccc2Cl)on1,60.0
O[C@]1(c2ccc(F)c(F)c2)CCNC[C@@H]1c1onc(-c2cccc3ccccc23)c1Br,67.0
CC(=O)NCCc1ccccc1-c1onc([C@H]2CNCC[C@]2(O)c2ccc(F)c(F)c2)c1Br,68.0
CC(=O)NCCc1ccccc1-c1onc([C@H]2CNCC[C@]2(O)c2ccc(F)c(F)c2)c1C(C)=O,32.0
CC(=O)NCCc1ccccc1-c1onc([C@H]2CNCC[C@]2(O)c2ccc(F)c(F)c2)c1C(C)O,48.0
CC(=O)NCCc1ccccc1-c1onc([C@H]2CNCC[C@]2(C(N)=O)c2ccc(F)c(F)c2)c1Br,86.0
O[C@]1(c2ccc(F)c(F)c2)CCNC[C@@H]1c1cc(-c2c(Cl)cccc2Cl)no1,59.0
O[C@]1(c2ccc(F)c(F)c2)CCNC[C@@H]1c1cc(-c2ccc(F)cc2Cl)no1,36.0
O[C@]1(c2ccc(F)c(F)c2)CCNC[C@@H]1c1onc(-c2cccc(Cl)c2Cl)c1Br,60.0
CC(=O)NCCc1ccccc1-c1onc([C@H]2CNCC[C@]2(OCC(O)CO)c2ccc(F)c(F)c2)c1Br,18.0
Cc1cccc(-c2noc([C@H]3CNCC[C@]3(O)c3ccc(F)c(F)c3)c2Br)c1C,77.0
CC(=O)NCCc1ccccc1-c1onc([C@H]2CNCC[C@@H]2c2ccc(F)c(F)c2)c1Br,75.0
COC[C@H](C)COCc1ccc([C@@]2(O)CCNC[C@@H]2c2noc(-c3ccccc3CCNC(C)=O)c2Br)cc1,10.0
O[C@]1(c2ccc(F)c(F)c2)CCNC[C@@H]1c1cc(-c2ccc(F)cc2Br)no1,22.0
O[C@]1(c2ccc(F)c(F)c2)CCNC[C@@H]1c1onc(-c2ccccc2Cl)c1Br,76.0
CC(=O)NCCc1ccccc1-c1onc([C@H]2CNCC[C@]2(O)c2ccc(F)c(F)c2)c1Cl,74.0
CC(=O)NCCc1cc(F)ccc1-c1onc([C@H]2CNCC[C@]2(O)c2ccc(F)c(F)c2)c1Br,78.0
CO[C@]1(c2ccc(F)c(F)c2)CCNC[C@@H]1c1noc(-c2ccccc2CCNC(C)=O)c1Br,60.0
Cc1cccc(OCCCCCCN2C[C@H](O)[C@@H](O)[C@H](O)[C@H]2CO)c1,2.3
OC[C@@H]1[C@@H](O)[C@H](O)[C@@H](O)CN1CCCCCCOc1cccc(C(F)(F)F)c1,3.2
CCC(O)(CC)CCCCCCN1C[C@H](O)[C@@H](O)[C@H](O)[C@H]1CO,20.5
CCCC(CCC)OCCCCCCN1C[C@H](O)[C@@H](O)[C@H](O)[C@H]1CO,4.2
OC[C@@H]1[C@@H](O)[C@H](O)[C@@H](O)CN1CCCCCCOC1CCCCCC1,3.1
OC[C@@H]1[C@@H](O)[C@H](O)[C@@H](O)CN1CCCCCCOCc1ccccc1,3.3
CCCOc1cccc(CCCN2C[C@H](O)[C@@H](O)[C@H](O)[C@H]2CO)c1,0.7
Cn1cc(-c2cnc3ccc4ccc(CS(=O)(=O)NCc5ccccc5Cl)cc4c(=O)c3c2)cn1,17.0
Cc1nccc(CNS(=O)(=O)Cc2ccc3ccc4ncc(-c5cnn(C)c5)cc4c(=O)c3c2)n1,22.0
Cn1cc(-c2cnc3ccc4ccc(CS(=O)(=O)NCC5CCCCN5)cc4c(=O)c3c2)cn1,29.0
Cn1cc(-c2cnc3ccc4ccc(CS(N)(=O)=O)cc4c(=O)c3c2)cn1,0.0
CCCNS(=O)(=O)Cc1ccc2ccc3ncc(-c4cnn(C)c4)cc3c(=O)c2c1,21.0
Cn1cc(-c2cnc3ccc4ccc(CS(=O)(=O)Nc5ccccc5)cc4c(=O)c3c2)cn1,28.0
Cn1cc(-c2cnc3ccc4ccc(CS(=O)(=O)NCc5cccnc5)cc4c(=O)c3c2)cn1,30.0
Cn1cc(-c2cnc3ccc4ccc(CS(=O)(=O)NCc5ccncc5)cc4c(=O)c3c2)cn1,97.0
CN(C)S(=O)(=O)Cc1ccc2ccc3ncc(-c4cnn(C)c4)cc3c(=O)c2c1,0.0
Cn1cc(-c2cnc3ccc4ccc(CS(=O)(=O)NCC5COCCO5)cc4c(=O)c3c2)cn1,0.0
Cn1cc(-c2cnc3ccc4ccc(CS(=O)(=O)NCCc5ccccn5)cc4c(=O)c3c2)cn1,14.0
Cn1cc(-c2cnc3ccc4ccc(CS(=O)(=O)NCc5ccc(F)cc5F)cc4c(=O)c3c2)cn1,42.0
Cn1cc(-c2cnc3ccc4ccc(CS(=O)(=O)NCc5cnsc5)cc4c(=O)c3c2)cn1,67.0
Cn1cc(-c2cnc3ccc4ccc(CS(=O)(=O)NCc5cccc[n+]5[O-])cc4c(=O)c3c2)cn1,24.0
CNS(=O)(=O)Cc1ccc2ccc3ncc(-c4cnn(C)c4)cc3c(=O)c2c1,0.0
Cn1cc(-c2cnc3ccc4ccc(CS(=O)(=O)N[C@@H]5CCCC[C@H]5N)cc4c(=O)c3c2)cn1,30.0
Cn1cc(-c2cnc3ccc4ccc(CS(=O)(=O)NCc5cccnn5)cc4c(=O)c3c2)cn1,23.0
Cn1cc(-c2cnc3ccc4ccc(CS(=O)(=O)NCc5ccccn5)cc4c(=O)c3c2)cn1,31.0
Cn1cc(-c2cnc3ccc4ccc(CS(=O)(=O)N[C@@H]5CCCC[C@@H]5N)cc4c(=O)c3c2)cn1,27.0
CCN(Cc1cnc[nH]1)c1ccc(-c2nc3ccccc3s2)cc1,80.0
CCN(Cc1cnc[nH]1)c1ccc(-c2ccc(F)cc2)cc1F,76.9
CN(CC(O)COc1ccc2cc(Br)ccc2c1)C1CCCCC1,11.0
Cc1ccc(-n2ccnc2)c(NC(=O)c2cnc(-c3ccccc3)nc2)c1,49.0
O=C(Nc1ccccc1-n1ccnc1)c1cnc(-c2ccccc2)nc1,27.0
CS(=O)(=O)N(Cc1cnc[nH]1)c1ccc(-c2nc3ccccc3s2)cc1,85.0
CO/N=C(\C)c1ccc(-n2ccnc2)c(NC(=O)c2cnc(-c3ccccn3)s2)c1,83.0
CO/N=C(\C)c1ccc(-n2ccnc2)c(NC(=O)c2cnc(-c3ccccc3)cn2)c1,55.0
CS(=O)(=O)N(Cc1cnc[nH]1)c1ccc(-c2ccc(F)cc2)cc1F,86.1
CO/N=C(\C)c1ccc(-n2ccnc2)c(NC(=O)c2sc(-c3ccccc3)nc2C)c1,96.0
Cl.NCC(=O)N(Cc1cccnc1)c1cc(F)cc(-c2nc3ccccc3s2)c1,85.8
O=C(Nc1ccccc1-n1ccnc1)c1cnc(-c2ccccc2)s1,86.0
Cc1ccc(-n2ccnc2)c(NC(=O)c2cnc(-c3ccccc3)s2)c1,93.0
CC(=O)N(Cc1cnc[nH]1)c1ccc(-c2nc3ccccc3s2)cc1,28.1
CO/N=C(\C)c1ccc(-n2ccnc2)c(NC(=O)c2cncc(-c3ccccc3)n2)c1,91.9
CC(C)Cc1ccc(-n2ccnc2)c(NC(=O)c2cnc(-c3ccccc3)s2)c1,81.8
CCN(Cc1cnc[nH]1)c1ccc(-c2nc3ccccc3s2)cc1,80.0
CCN(Cc1cnc[nH]1)c1ccc(-c2ccc(F)cc2)cc1F,76.9
CN(CC(O)COc1ccc2cc(Br)ccc2c1)C1CCCCC1,11.0
Cc1ccc(-n2ccnc2)c(NC(=O)c2cnc(-c3ccccc3)nc2)c1,49.0
O=C(Nc1ccccc1-n1ccnc1)c1cnc(-c2ccccc2)nc1,27.0
CS(=O)(=O)N(Cc1cnc[nH]1)c1ccc(-c2nc3ccccc3s2)cc1,85.0
CO/N=C(\C)c1ccc(-n2ccnc2)c(NC(=O)c2cnc(-c3ccccn3)s2)c1,83.0
CO/N=C(\C)c1ccc(-n2ccnc2)c(NC(=O)c2cnc(-c3ccccc3)cn2)c1,55.0
CS(=O)(=O)N(Cc1cnc[nH]1)c1ccc(-c2ccc(F)cc2)cc1F,86.1
CO/N=C(\C)c1ccc(-n2ccnc2)c(NC(=O)c2sc(-c3ccccc3)nc2C)c1,96.0
Cl.NCC(=O)N(Cc1cccnc1)c1cc(F)cc(-c2nc3ccccc3s2)c1,85.8
O=C(Nc1ccccc1-n1ccnc1)c1cnc(-c2ccccc2)s1,86.0
Cc1ccc(-n2ccnc2)c(NC(=O)c2cnc(-c3ccccc3)s2)c1,93.0
CC(=O)N(Cc1cnc[nH]1)c1ccc(-c2nc3ccccc3s2)cc1,28.1
CO/N=C(\C)c1ccc(-n2ccnc2)c(NC(=O)c2cncc(-c3ccccc3)n2)c1,91.9
CC(C)Cc1ccc(-n2ccnc2)c(NC(=O)c2cnc(-c3ccccc3)s2)c1,81.8
